,sum_sq,df,F,PR(>F)
C(genotype),14904483.530124502,2.0,14.387734527282955,0.00157270365862039
Residual,4661621.727755502,9.0,,
