,sum_sq,df,F,PR(>F)
C(genotype),6485409.504738499,2.0,15.212176920774658,0.0012976293629764876
Residual,1918485.6265685002,9.0,,
