,sum_sq,df,F,PR(>F)
C(genotype),14904483.530124493,2.0,14.387734527282948,0.0015727036586203925
Residual,4661621.727755501,9.0,,
