,sum_sq,df,F,PR(>F)
C(genotype),6485409.504738501,2.0,15.212176920774661,0.0012976293629764876
Residual,1918485.6265685004,9.0,,
