site,g1,g2,tstat,p_uncorrected,p_adj
distant,A,B,5.114336051602262,0.002543952285790645,0.01526371371474387
distant,A,C,1.6215451040432471,0.1596951691416715,0.9581710148500291
distant,B,C,-4.10288916254959,0.006367806542390682,0.038206839254344094
infection,A,B,6.270781616865042,0.007693239080296396,0.04615943448177838
infection,A,C,1.4306204889597645,0.20269037166798848,1.0
infection,B,C,-3.928163245940386,0.02840015520919083,0.170400931255145
