site,g1,g2,t_stat,p_uncorrected,cohen_d,mean_diff,p_adj
distant,A,B,5.114336051602262,0.0025439522857906476,3.6163817033547923,1759.5175,0.015263713714743886
distant,A,C,1.6215451040432471,0.15969516914167148,1.146605539068826,547.9422500000001,0.9581710148500289
distant,B,C,-4.10288916254959,0.006367806542390682,-2.9011807492956105,-1211.5752499999999,0.038206839254344094
infection,A,B,6.270781616865042,0.007693239080296401,4.434112204625214,2679.8682499999995,0.04615943448177841
infection,A,C,1.4306204889597645,0.20269037166798848,1.0116014490478638,889.47775,1.0
infection,B,C,-3.928163245940386,0.02840015520919084,-2.777630868812207,-1790.3904999999997,0.17040093125514505
